1000,Hakeem Mueller,1385
1001,Kathleen Gray,5189
1002,Colette Blackwell,4629
1003,Ciara Charles,6021
1004,Sharon Ingram,7801
1005,Dante Reeves,8491
1006,Gabriel Williamson,7833
1007,Michael Butler,8152
1008,Serina Chen,2528
1009,Mufutau Gordon,6646
1010,Leo Alvarado,4639
1011,Carter Collins,9102
1012,Julian Bass,9682
1013,Lane Merrill,6667
1014,Myra Nunez,8549
1015,Hilary Guzman,3696
1016,Madeline Key,3873
1017,September Cook,2631
1018,Willa Turner,9631
1019,Yoshi Blanchard,6623
1020,Gay Berg,5593
1021,Beck Griffin,7250
1022,Deirdre Strickland,4128
1023,Blair Finch,4250
1024,Karen Sellers,2257
1025,Phelan Torres,4156
1026,Olga Fleming,8343
1027,Maggie Carson,3605
1028,Glenna Barrett,6370
1029,Amir Coleman,7409
1030,Hyacinth Zamora,9918
1031,Janna Rice,6326
1032,Ezekiel Franks,6154
1033,Adrienne Pope,8570
1034,Elton Hutchinson,4857
1035,Ulric Snyder,3032
1036,Kaye Contreras,7084
1037,Maite Noel,8080
1038,Noelle Robertson,8298
1039,Tucker Fowler,9333
1040,Tashya Osborne,6442
1041,Lionel Robinson,6506
1042,Garth Hicks,2007
1043,Justina Steele,7069
1044,Molly Battle,6033
1045,Finn Crosby,2344
1046,Mark Odom,2150
1047,Steven Cooley,4196
1048,Cathleen Meyer,4907
1049,Jeanette Robles,7693
1050,Ahmed Noel,7171
1051,Grace Reid,8877
1052,Desirae Allen,1221
1053,Robin Dawson,1373
1054,Preston Hood,7248
1055,Laura Turner,5692
1056,Jemima Garrett,8770
1057,Katelyn Brown,1836
1058,Dominique Wolfe,7776
1059,Wanda Sharpe,3953
1060,Sloane Rosario,1490
1061,Aurora Higgins,2734
1062,Jerome Mcgee,4325
1063,Tasha Dunlap,7781
1064,Zia Mcgee,3399
1065,Isaac Calderon,5141
1066,Devin Mccarthy,2589
1067,Benedict Merritt,1691
1068,Noah Slater,8828
1069,Castor Strickland,4546
1070,Oprah Rich,4513
1071,Alexa Juarez,2714
1072,Dorian Knowles,2237
1073,Christian Stewart,1864
1074,Aimee Rollins,9000
1075,Rachel Anthony,5732
1076,Benedict Tucker,3767
1077,Buckminster Wheeler,3224
1078,Nash Banks,3637
1079,Naomi Rivera,2048
1080,Leroy Shepherd,1202
1081,Odysseus Poole,9786
1082,Teagan Carrillo,2516
1083,Macy Erickson,7647
1084,Malcolm Osborn,2216
1085,Medge Silva,7736
1086,Pandora Bennett,2450
1087,Jermaine Franklin,6624
1088,Jael Alston,3472
1089,Alan Ross,3121
1090,Abraham Miranda,1428
1091,Sylvia Walker,4717
1092,Jamal Tran,6821
1093,Emery Velez,2565
1094,Rinah Phelps,6963
1095,Chantale Alvarez,8058
1096,Aphrodite Beck,7809
1097,Anjolie Franks,4632
1098,Lucius Long,2996
1099,Victor Padilla,3808
